weekday,avg_steps,avg_sleep_min,avg_sedentary_min
Fri,6737.561643835616,NA,1054.7123287671234
Mon,7118.588235294118,NA,1032.8529411764705
Sat,7089.7733333333335,NA,976.6266666666667
Sun,6058.013888888889,NA,1015.6527777777778
Thu,6847.083333333333,NA,1055.0625
Tue,4914.917808219178,443.8333333333333,850.2465753424658
Wed,7510.708333333333,NA,1011.0625
